window_end_epoch,ok,errors,distinct_local_ports,errors_by_type
1790885810,0,0,0,
1790885811,3,0,1,
1790885812,199,0,2,
1790885813,200,0,2,
1790885814,200,0,2,
1790885815,200,0,2,
1790885816,201,0,2,
1790885817,199,0,1,
1790885818,200,0,2,
1790885819,200,0,1,
1790885820,200,0,1,
1790885821,199,0,1,
1790885822,604,0,5,
1790885823,999,0,5,
1790885824,1001,0,5,
1790885825,998,0,7,
1790885826,1002,0,5,
1790885827,996,0,5,
1790885828,1004,0,5,
1790885829,999,0,5,
1790885830,998,0,5,
1790885831,1002,0,12,
1790885832,997,0,7,
1790885833,1002,0,9,
1790885834,1001,0,5,
1790885835,1000,0,5,
1790885836,1003,0,5,
1790885837,1001,0,6,
1790885838,998,0,5,
1790885839,1003,0,7,
1790885840,996,0,5,
1790885841,997,0,5,
1790885842,1002,0,5,
1790885843,1001,0,6,
1790885844,999,0,5,
1790885845,1001,0,6,
1790885846,1000,0,6,
1790885847,999,0,6,
1790885848,1001,0,6,
1790885849,1000,0,5,
1790885850,1000,0,6,
1790885851,1004,0,5,
1790885852,996,0,5,
1790885853,1001,0,5,
1790885854,999,0,6,
1790885855,999,0,5,
1790885856,999,0,7,
1790885857,1000,0,5,
1790885858,1004,0,5,
1790885859,999,0,7,
1790885860,1001,0,5,
1790885861,996,0,9,
1790885862,1006,0,6,
1790885863,994,0,7,
1790885864,1007,0,5,
1790885865,995,0,5,
1790885866,1004,0,5,
1790885867,996,0,5,
1790885868,1004,0,6,
1790885869,998,0,6,
1790885870,997,0,5,
1790885871,1001,0,5,
1790885872,1000,0,5,
1790885873,999,0,5,
1790885874,1002,0,5,
1790885875,999,0,5,
1790885876,1002,0,9,
1790885877,998,0,7,
1790885878,999,0,5,
1790885879,1001,0,5,
1790885880,1001,0,6,
1790885881,998,0,5,
1790885882,999,0,5,
1790885883,1000,0,7,
1790885884,1001,0,5,
1790885885,1000,0,9,
1790885886,998,0,6,
1790885887,1003,0,5,
1790885888,998,0,5,
1790885889,1001,0,5,
1790885890,996,0,5,
1790885891,1002,0,5,
1790885892,1005,0,6,
1790885893,999,0,7,
1790885894,999,0,7,
1790885895,1000,0,5,
1790885896,1001,0,5,
1790885897,1000,0,5,
1790885898,997,0,5,
1790885899,1003,0,5,
1790885900,999,0,5,
1790885901,1000,0,6,
1790885902,1001,0,5,
1790885903,1001,0,5,
1790885904,1000,0,5,
1790885905,995,0,5,
1790885906,1003,0,7,
1790885907,1000,0,5,
1790885908,1003,0,5,
1790885909,1000,0,5,
1790885910,1000,0,5,
1790885911,996,0,5,
1790885912,1005,0,5,
1790885913,994,0,5,
1790885914,1004,0,5,
1790885915,1001,0,5,
1790885916,995,0,5,
1790885917,1007,0,5,
1790885918,995,0,7,
1790885919,998,0,5,
1790885920,1002,0,5,
1790885921,1004,0,6,
1790885922,996,0,5,
1790885923,1002,0,5,
1790885924,1002,0,5,
1790885925,995,0,5,
1790885926,1003,0,5,
1790885927,998,0,5,
1790885928,1003,0,5,
1790885929,996,0,5,
1790885930,1000,0,6,
1790885931,997,0,5,
1790885932,1006,0,5,
1790885933,996,0,5,
1790885934,1000,0,5,
1790885935,999,0,6,
1790885936,1001,0,6,
1790885937,1004,0,7,
1790885938,997,0,5,
1790885939,1000,0,5,
1790885940,1000,0,6,
1790885941,1003,0,5,
1790885942,997,0,5,
1790885943,1000,0,5,
1790885944,999,0,5,
1790885945,1000,0,5,
1790885946,1001,0,6,
1790885947,1000,0,5,
1790885948,1001,0,5,
1790885949,1004,0,5,
1790885950,995,0,5,
1790885951,1002,0,6,
1790885952,1005,0,6,
1790885953,994,0,5,
1790885954,999,0,5,
1790885955,1003,0,7,
1790885956,1000,0,6,
1790885957,996,0,5,
1790885958,1001,0,5,
1790885959,1005,0,7,
1790885960,997,0,7,
1790885961,1002,0,5,
1790885962,996,0,5,
1790885963,1001,0,6,
1790885964,997,0,5,
1790885965,1002,0,5,
1790885966,999,0,6,
1790885967,1002,0,6,
1790885968,1007,0,7,
1790885969,997,0,5,
1790885970,996,0,6,
1790885971,1004,0,5,
1790885972,390,0,4,
1790885973,0,0,0,
