epoch,a_cpu_pct,b_cpu_pct
1790871622,38.97,20.01
1790871624,48.55,27.05
1790871626,26.67,11.79
1790871628,18.97,4.65
1790871630,19.53,5.41
1790871632,12.58,3.28
1790871634,18.45,6.48
1790871636,20.05,5.44
1790871638,20.99,5.22
1790871640,22.57,5.62
1790871642,19.31,4.81
1790871644,21.41,4.75
1790871646,22.33,5.71
1790871648,20.85,4.31
1790871650,19.49,4.66
1790871652,23.09,5.84
1790871654,13.05,3.31
1790871656,17.46,4.47
1790871658,22.74,5.06
1790871660,21.18,5.35
1790871662,24.17,6.07
1790871664,15.99,10.66
1790871666,12.44,3.61
1790871668,15.91,7.72
1790871670,16.50,4.54
1790871672,24.98,6.47
1790871674,15.44,4.17
1790871676,17.38,5.22
1790871678,18.40,4.63
1790871680,28.82,10.90
1790871682,25.01,6.31
1790871684,13.75,3.87
1790871686,14.93,4.23
1790871688,19.31,6.42
1790871690,22.27,5.96
1790871692,19.91,5.25
1790871694,20.24,5.18
1790871696,10.96,2.62
1790871698,11.99,3.93
1790871700,16.25,8.63
1790871702,17.67,4.34
1790871704,22.27,5.24
1790871706,18.15,4.58
1790871708,14.86,6.16
1790871710,18.94,4.55
1790871712,13.60,3.09
1790871714,12.29,2.95
1790871716,9.67,2.23
1790871719,12.18,3.24
1790871721,12.71,3.01
1790871723,11.94,2.86
1790871725,12.63,2.89
1790871727,12.43,2.65
1790871729,12.55,3.09
1790871731,13.04,2.97
1790871733,12.18,7.19
1790871735,12.64,10.14
1790871737,10.87,3.08
1790871739,11.89,3.21
1790871741,13.94,3.48
1790871743,12.76,3.34
1790871745,12.00,3.51
1790871747,10.51,2.70
1790871749,13.56,3.50
1790871751,11.63,2.99
1790871753,12.13,3.08
1790871755,11.09,2.84
1790871757,10.84,2.75
1790871759,12.19,3.16
1790871761,14.43,3.48
1790871763,12.42,2.81
1790871765,11.87,2.86
1790871767,11.75,2.95
1790871769,12.45,3.19
