epoch,a_time_wait,b_time_wait,a_established
1790886162,0,0,0
1790886163,1,0,0
1790886164,191,0,1
1790886165,393,0,0
1790886166,594,0,1
1790886167,797,0,0
1790886168,1000,0,0
1790886169,1204,0,0
1790886170,1403,0,0
1790886171,1568,0,0
1790886172,1724,0,0
1790886173,1862,0,0
1790886174,1862,0,0
1790886175,1862,0,0
1790886176,1862,0,0
1790886177,1862,0,0
1790886178,1862,0,0
1790886179,1862,0,0
1790886180,1862,0,0
1790886181,1862,0,0
1790886182,1862,0,0
1790886183,1862,0,0
1790886184,1862,0,0
1790886185,1862,0,0
1790886186,1862,0,0
1790886187,1862,0,0
1790886188,1862,0,0
1790886189,1862,0,0
1790886190,1862,0,0
1790886191,1862,0,0
1790886192,1862,0,0
1790886193,1862,0,0
1790886195,1862,0,0
1790886196,1862,0,0
1790886197,1862,0,0
1790886198,1862,0,0
1790886199,1862,0,0
1790886200,1862,0,0
1790886201,1862,0,0
1790886202,1862,0,0
1790886203,1862,0,0
1790886204,1862,0,0
1790886205,1862,0,0
1790886206,1862,0,0
1790886207,1862,0,0
1790886208,1862,0,0
1790886209,1862,0,0
1790886210,1862,0,0
1790886211,1862,0,0
1790886212,1862,0,0
1790886213,1862,0,0
1790886214,1862,0,0
1790886215,1862,0,0
1790886216,1862,0,0
1790886217,1862,0,0
1790886218,1862,0,0
1790886219,1862,0,0
1790886220,1862,0,0
1790886221,1862,0,0
1790886222,1862,0,0
1790886223,1862,0,0
1790886224,1862,0,0
1790886225,1862,0,0
1790886226,1200,0,0
1790886227,1200,0,0
1790886228,1200,0,0
1790886229,1200,0,0
1790886230,521,0,0
1790886231,521,0,0
1790886232,521,0,0
1790886233,521,0,0
1790886234,0,0,0
1790886235,241,0,0
1790886236,1246,0,0
1790886238,2252,0,0
1790886239,3237,0,0
1790886240,4034,0,0
1790886241,4830,0,1
1790886242,5619,0,0
1790886243,6373,0,0
1790886244,6868,0,0
1790886245,7492,0,0
1790886246,8093,0,0
1790886247,8461,0,3
1790886248,8949,0,0
1790886249,9403,0,0
1790886250,9724,0,0
1790886251,10075,0,0
1790886252,10309,0,0
1790886253,10695,0,0
1790886254,10991,0,0
1790886255,11161,0,0
1790886256,11464,0,0
1790886257,11691,0,0
1790886258,11817,0,0
1790886259,12063,0,0
1790886260,12248,0,0
1790886262,12355,0,0
1790886263,12514,0,0
1790886264,12650,0,0
1790886265,12759,0,0
1790886266,12886,0,0
1790886267,12977,0,0
1790886268,13042,0,0
1790886269,13154,0,2
1790886270,13233,0,0
1790886271,13312,0,0
1790886272,13373,0,0
1790886273,13460,0,0
1790886274,13511,0,0
1790886275,13555,0,0
1790886276,13609,0,0
1790886277,13655,0,0
1790886279,13685,0,0
1790886280,13722,0,0
1790886281,13747,0,0
1790886282,13783,0,0
1790886283,13814,0,0
1790886284,13831,0,1
1790886285,13854,0,0
1790886286,13870,0,0
1790886287,13901,0,0
1790886288,13917,0,0
1790886289,13942,0,2
1790886290,13947,0,0
1790886291,13963,0,2
1790886292,13977,0,0
1790886293,13985,0,0
1790886294,13998,0,0
1790886295,14012,0,0
1790886297,14013,0,0
1790886298,14023,0,0
1790886299,14027,0,0
1790886300,14032,0,0
1790886301,14012,0,0
1790886302,14025,0,0
1790886303,14032,0,0
1790886304,14017,0,0
1790886305,14019,0,0
1790886306,14024,0,0
1790886307,14034,0,0
1790886308,13996,0,0
1790886309,14007,0,0
1790886310,14018,0,0
1790886311,14028,0,0
1790886312,14017,0,2
1790886314,14024,0,0
1790886315,14029,0,0
1790886316,14041,0,0
1790886317,14013,0,0
1790886318,14018,0,0
1790886319,14028,0,0
1790886320,14038,0,0
1790886321,14009,0,0
1790886322,14017,0,0
1790886323,14024,0,0
1790886324,14028,0,0
1790886325,13995,0,0
1790886326,14005,0,0
1790886327,14010,0,0
1790886328,14020,0,0
1790886329,14008,0,0
1790886330,14014,0,0
1790886331,14024,0,0
1790886333,14030,0,0
1790886334,14013,0,1
1790886335,14026,0,0
1790886336,14033,0,0
1790886337,14039,0,0
1790886338,14017,0,0
1790886339,14026,0,0
1790886340,14032,0,0
1790886341,14011,0,0
1790886342,14018,0,0
1790886343,14029,0,0
1790886344,14034,0,0
1790886345,14010,0,0
1790886346,14019,0,0
1790886347,14021,0,0
1790886348,14018,0,0
1790886349,14002,0,0
1790886351,14014,0,0
1790886352,14030,0,0
1790886353,14039,0,0
1790886354,14005,0,0
1790886355,14011,0,0
1790886356,14015,0,0
1790886357,14019,0,2
1790886358,13996,0,1
1790886359,14004,0,0
1790886360,14010,0,0
1790886361,14018,0,1
1790886362,14008,0,0
1790886363,14016,0,0
1790886364,14027,0,0
1790886365,14033,0,0
1790886366,14010,0,0
1790886368,14017,0,0
1790886369,14032,0,0
1790886370,14011,0,0
1790886371,14018,0,0
1790886372,14023,0,0
1790886373,14030,0,0
1790886374,14016,0,0
1790886375,14025,0,1
1790886376,14028,0,0
1790886377,14035,0,0
1790886378,14009,0,0
1790886379,14021,0,0
1790886380,14029,0,0
1790886381,14037,0,0
1790886382,14024,0,0
1790886383,14030,0,0
1790886384,14041,0,0
1790886386,14045,0,0
1790886387,14018,0,0
1790886388,14018,0,0
1790886389,14018,0,0
1790886390,14018,0,0
1790886391,13965,0,0
1790886392,13965,0,0
1790886393,13965,0,0
1790886394,13965,0,0
1790886395,13904,0,0
1790886396,13904,0,0
1790886397,13904,0,0
